[
  {
    "model": "stores.store",
    "pk": 1,
    "fields": {
      "store_name": "smartmini",
      "date_create": "2021-01-09T11:39:02.592Z"
    }
  },
  {
    "model": "stores.store",
    "pk": 2,
    "fields": {
      "store_name": "prosmart",
      "date_create": "2021-01-09T13:32:17.574Z"
    }
  },
  {
    "model": "users.user",
    "pk": 1,
    "fields": {
      "password": "pbkdf2_sha256$216000$f00khMTLRbie$g2teGSLRVNyvUhDIx4h5nZ/mz7FvGwkT+AK10GWtFeM=",
      "last_login": "2021-01-10T08:54:13.875Z",
      "is_superuser": false,
      "username": "smartmini",
      "display_name": null,
      "first_name": "Nguyễn",
      "last_name": "Ngọc",
      "gender": 0,
      "birthday": null,
      "phone_number": "0868686868",
      "store": 1,
      "is_active": true,
      "is_staff": false,
      "date_joined": "2021-01-09T11:39:02Z",
      "groups": [
        2
      ],
      "user_permissions": []
    }
  },
  {
    "model": "users.user",
    "pk": 3,
    "fields": {
      "password": "pbkdf2_sha256$216000$RbbtoaXh5Als$7+ZmlU9/16dNgOIO9jhwNgrP0DfEEDQIATjKJwSFr0o=",
      "last_login": "2021-01-09T13:33:04.188Z",
      "is_superuser": false,
      "username": "prosmart",
      "display_name": null,
      "first_name": "Khá",
      "last_name": "Bảnh",
      "gender": 0,
      "birthday": null,
      "phone_number": "0320368752",
      "store": 2,
      "is_active": true,
      "is_staff": false,
      "date_joined": "2021-01-09T13:32:17.587Z",
      "groups": [
        2
      ],
      "user_permissions": []
    }
  },
  {
    "model": "sales.order",
    "pk": 1,
    "fields": {
      "order_code": "DH000000",
      "time_create": "2021-01-09T13:49:29.938Z",
      "note": "",
      "status": 1,
      "customer": null,
      "coupon": null,
      "staff": 1,
      "store": 1
    }
  },
  {
    "model": "sales.order",
    "pk": 2,
    "fields": {
      "order_code": "DH000001",
      "time_create": "2021-01-09T13:55:22.966Z",
      "note": "",
      "status": 1,
      "customer": 2,
      "coupon": null,
      "staff": 1,
      "store": 1
    }
  },
  {
    "model": "sales.order",
    "pk": 3,
    "fields": {
      "order_code": "DH000002",
      "time_create": "2021-01-09T15:00:25.873Z",
      "note": "",
      "status": 1,
      "customer": null,
      "coupon": null,
      "staff": 1,
      "store": 1
    }
  },
  {
    "model": "sales.order",
    "pk": 4,
    "fields": {
      "order_code": "DH000003",
      "time_create": "2021-01-09T15:13:16.533Z",
      "note": "",
      "status": 1,
      "customer": 3,
      "coupon": null,
      "staff": 1,
      "store": 1
    }
  },
  {
    "model": "sales.order",
    "pk": 5,
    "fields": {
      "order_code": "DH000004",
      "time_create": "2021-01-09T15:14:59.934Z",
      "note": "",
      "status": 1,
      "customer": null,
      "coupon": null,
      "staff": 1,
      "store": 1
    }
  },
  {
    "model": "sales.order",
    "pk": 6,
    "fields": {
      "order_code": "DH000005",
      "time_create": "2021-01-09T15:26:10.961Z",
      "note": "",
      "status": 1,
      "customer": null,
      "coupon": null,
      "staff": 1,
      "store": 1
    }
  },
  {
    "model": "sales.order",
    "pk": 7,
    "fields": {
      "order_code": "DH000006",
      "time_create": "2021-01-09T15:27:23.677Z",
      "note": "",
      "status": 1,
      "customer": null,
      "coupon": null,
      "staff": 1,
      "store": 1
    }
  },
  {
    "model": "sales.order",
    "pk": 8,
    "fields": {
      "order_code": "DH000007",
      "time_create": "2021-01-09T16:07:02.730Z",
      "note": "",
      "status": 1,
      "customer": 7,
      "coupon": null,
      "staff": 1,
      "store": 1
    }
  },
  {
    "model": "sales.order",
    "pk": 9,
    "fields": {
      "order_code": "DH000008",
      "time_create": "2021-01-09T17:53:36.619Z",
      "note": "",
      "status": 1,
      "customer": 2,
      "coupon": null,
      "staff": 1,
      "store": 1
    }
  },
  {
    "model": "sales.invoice",
    "pk": 1,
    "fields": {
      "invoice_code": "HD000000",
      "time_create": "2021-01-09T13:49:29.989Z",
      "status": 1,
      "total_products": 4.0,
      "total": 200000,
      "customer_given": 200000,
      "discount": 0,
      "order": 1,
      "staff": 1,
      "store": 1
    }
  },
  {
    "model": "sales.invoice",
    "pk": 2,
    "fields": {
      "invoice_code": "HD000008",
      "time_create": "2021-01-09T13:55:22.994Z",
      "status": 1,
      "total_products": 20.0,
      "total": 291000,
      "customer_given": 300000,
      "discount": 0,
      "order": 2,
      "staff": 1,
      "store": 1
    }
  },
  {
    "model": "sales.invoice",
    "pk": 3,
    "fields": {
      "invoice_code": "HD000002",
      "time_create": "2021-01-09T15:00:25.909Z",
      "status": 1,
      "total_products": 3.0,
      "total": 73000,
      "customer_given": 80000,
      "discount": 0,
      "order": 3,
      "staff": 1,
      "store": 1
    }
  },
  {
    "model": "sales.invoice",
    "pk": 4,
    "fields": {
      "invoice_code": "HD000003",
      "time_create": "2021-01-09T15:13:16.575Z",
      "status": 1,
      "total_products": 1.0,
      "total": 9000,
      "customer_given": 9000,
      "discount": 0,
      "order": 4,
      "staff": 1,
      "store": 1
    }
  },
  {
    "model": "sales.invoice",
    "pk": 5,
    "fields": {
      "invoice_code": "HD000008",
      "time_create": "2021-01-09T15:14:59.974Z",
      "status": 1,
      "total_products": 7.0,
      "total": 375000,
      "customer_given": 375000,
      "discount": 0,
      "order": 5,
      "staff": 1,
      "store": 1
    }
  },
  {
    "model": "sales.invoice",
    "pk": 6,
    "fields": {
      "invoice_code": "HD000005",
      "time_create": "2021-01-09T15:26:11.012Z",
      "status": 1,
      "total_products": 1.0,
      "total": 7000,
      "customer_given": 7000,
      "discount": 0,
      "order": 6,
      "staff": 1,
      "store": 1
    }
  },
  {
    "model": "sales.invoice",
    "pk": 7,
    "fields": {
      "invoice_code": "HD000006",
      "time_create": "2021-01-09T15:27:23.718Z",
      "status": 1,
      "total_products": 1.0,
      "total": 55000,
      "customer_given": 55000,
      "discount": 0,
      "order": 7,
      "staff": 1,
      "store": 1
    }
  },
  {
    "model": "sales.invoice",
    "pk": 8,
    "fields": {
      "invoice_code": "HD000008",
      "time_create": "2021-01-09T16:07:02.755Z",
      "status": 1,
      "total_products": 1.0,
      "total": 7000,
      "customer_given": 7000,
      "discount": 0,
      "order": 8,
      "staff": 1,
      "store": 1
    }
  },
  {
    "model": "sales.invoice",
    "pk": 9,
    "fields": {
      "invoice_code": "HD000008",
      "time_create": "2021-01-09T17:53:36.657Z",
      "status": 1,
      "total_products": 6.0,
      "total": 320000,
      "customer_given": 320000,
      "discount": 0,
      "order": 9,
      "staff": 1,
      "store": 1
    }
  },
  {
    "model": "sales.productitem",
    "pk": 1,
    "fields": {
      "product": 1,
      "price": 50000,
      "quantity": 4,
      "order": 1
    }
  },
  {
    "model": "sales.productitem",
    "pk": 2,
    "fields": {
      "product": 1,
      "price": 50000,
      "quantity": 1,
      "order": 2
    }
  },
  {
    "model": "sales.productitem",
    "pk": 3,
    "fields": {
      "product": 4,
      "price": 55000,
      "quantity": 2,
      "order": 2
    }
  },
  {
    "model": "sales.productitem",
    "pk": 4,
    "fields": {
      "product": 3,
      "price": 7000,
      "quantity": 11,
      "order": 2
    }
  },
  {
    "model": "sales.productitem",
    "pk": 5,
    "fields": {
      "product": 2,
      "price": 9000,
      "quantity": 6,
      "order": 2
    }
  },
  {
    "model": "sales.productitem",
    "pk": 6,
    "fields": {
      "product": 2,
      "price": 9000,
      "quantity": 2,
      "order": 3
    }
  },
  {
    "model": "sales.productitem",
    "pk": 7,
    "fields": {
      "product": 4,
      "price": 55000,
      "quantity": 1,
      "order": 3
    }
  },
  {
    "model": "sales.productitem",
    "pk": 8,
    "fields": {
      "product": 2,
      "price": 9000,
      "quantity": 1,
      "order": 4
    }
  },
  {
    "model": "sales.productitem",
    "pk": 9,
    "fields": {
      "product": 1,
      "price": 50000,
      "quantity": 2,
      "order": 5
    }
  },
  {
    "model": "sales.productitem",
    "pk": 10,
    "fields": {
      "product": 4,
      "price": 55000,
      "quantity": 5,
      "order": 5
    }
  },
  {
    "model": "sales.productitem",
    "pk": 11,
    "fields": {
      "product": 3,
      "price": 7000,
      "quantity": 1,
      "order": 6
    }
  },
  {
    "model": "sales.productitem",
    "pk": 12,
    "fields": {
      "product": 4,
      "price": 55000,
      "quantity": 1,
      "order": 7
    }
  },
  {
    "model": "sales.productitem",
    "pk": 13,
    "fields": {
      "product": 3,
      "price": 7000,
      "quantity": 1,
      "order": 8
    }
  },
  {
    "model": "sales.productitem",
    "pk": 14,
    "fields": {
      "product": 1,
      "price": 50000,
      "quantity": 2,
      "order": 9
    }
  },
  {
    "model": "sales.productitem",
    "pk": 15,
    "fields": {
      "product": 4,
      "price": 55000,
      "quantity": 4,
      "order": 9
    }
  },
  {
    "model": "products.category",
    "pk": 1,
    "fields": {
      "category_name": "Quần áo",
      "description": "",
      "store": 1
    }
  },
  {
    "model": "products.category",
    "pk": 2,
    "fields": {
      "category_name": "Đồ ăn vặt",
      "description": "",
      "store": 1
    }
  },
  {
    "model": "products.category",
    "pk": 3,
    "fields": {
      "category_name": "Thực phẩm",
      "description": "",
      "store": 1
    }
  },
  {
    "model": "products.category",
    "pk": 4,
    "fields": {
      "category_name": "Sữa dinh dưỡng",
      "description": "",
      "store": 1
    }
  },
  {
    "model": "products.category",
    "pk": 5,
    "fields": {
      "category_name": "Đồ uống có cồn",
      "description": "",
      "store": 1
    }
  },
  {
    "model": "products.category",
    "pk": 6,
    "fields": {
      "category_name": "Mỹ phẩm",
      "description": "",
      "store": 1
    }
  },
  {
    "model": "products.category",
    "pk": 7,
    "fields": {
      "category_name": "Thuốc lá",
      "description": "",
      "store": 1
    }
  },
  {
    "model": "products.product",
    "pk": 1,
    "fields": {
      "product_code": "SP000000",
      "barcode": "8936067700077",
      "product_name": "Thịt bò khô Nhật Bảo",
      "description": "",
      "image1": "images/8936067700077_original_IA32rX1.jpg",
      "image2": "",
      "image3": "",
      "image4": "",
      "image5": "",
      "cost_price": 45000,
      "sell_price": 50000,
      "available": 41.0,
      "unit": "INT",
      "status": 1,
      "mfg": "2020-12-27",
      "exp": "2021-02-06",
      "store": 1,
      "category": 3
    }
  },
  {
    "model": "products.product",
    "pk": 2,
    "fields": {
      "product_code": "SP000001",
      "barcode": "8934841900286",
      "product_name": "Yomost cam 180ml",
      "description": "",
      "image1": "images/7.jpg",
      "image2": "",
      "image3": "",
      "image4": "",
      "image5": "",
      "cost_price": 7000,
      "sell_price": 9000,
      "available": 91.0,
      "unit": "INT",
      "status": 1,
      "mfg": null,
      "exp": null,
      "store": 1,
      "category": 3
    }
  },
  {
    "model": "products.product",
    "pk": 3,
    "fields": {
      "product_code": "SP000002",
      "barcode": "8935217400263",
      "product_name": "TH true milk dâu 110ml",
      "description": "",
      "image1": "images/6.jpg",
      "image2": "",
      "image3": "",
      "image4": "",
      "image5": "",
      "cost_price": 4500,
      "sell_price": 7000,
      "available": 72.0,
      "unit": "INT",
      "status": 1,
      "mfg": "2020-11-11",
      "exp": "2021-01-21",
      "store": 1,
      "category": 4
    }
  },
  {
    "model": "products.product",
    "pk": 4,
    "fields": {
      "product_code": "SP000003",
      "barcode": "8936060740070",
      "product_name": "Rượu men 500ml",
      "description": "",
      "image1": "images/22.jpg",
      "image2": "",
      "image3": "",
      "image4": "",
      "image5": "",
      "cost_price": 50000,
      "sell_price": 55000,
      "available": 7.0,
      "unit": "INT",
      "status": 1,
      "mfg": null,
      "exp": null,
      "store": 1,
      "category": 5
    }
  },
  {
    "model": "products.product",
    "pk": 5,
    "fields": {
      "product_code": "SP000004",
      "barcode": "8934626012203",
      "product_name": "Hộp phở bò phố cổ",
      "description": "Thực phẩm ăn liền",
      "image1": "images/25.jpg",
      "image2": "",
      "image3": "",
      "image4": "",
      "image5": "",
      "cost_price": 8000,
      "sell_price": 10000,
      "available": 25.0,
      "unit": "INT",
      "status": 1,
      "mfg": null,
      "exp": null,
      "store": 1,
      "category": 3
    }
  },
  {
    "model": "products.product",
    "pk": 6,
    "fields": {
      "product_code": "SP000005",
      "barcode": "8936009052424",
      "product_name": "Vinataba Slims",
      "description": "",
      "image1": "",
      "image2": "",
      "image3": "",
      "image4": "",
      "image5": "",
      "cost_price": 8500,
      "sell_price": 10000,
      "available": 100.0,
      "unit": "INT",
      "status": 1,
      "mfg": "2020-12-31",
      "exp": "2021-02-05",
      "store": 1,
      "category": 7
    }
  },
  {
    "model": "products.product",
    "pk": 7,
    "fields": {
      "product_code": "SP000006",
      "barcode": "4023500005104",
      "product_name": "Thuốc Marl đỏ",
      "description": "",
      "image1": "images/4.jpg",
      "image2": "",
      "image3": "",
      "image4": "",
      "image5": "",
      "cost_price": 19000,
      "sell_price": 22000,
      "available": 100.0,
      "unit": "INT",
      "status": 1,
      "mfg": null,
      "exp": null,
      "store": 1,
      "category": 7
    }
  },
  {
    "model": "products.product",
    "pk": 8,
    "fields": {
      "product_code": "SP000007",
      "barcode": "8934674013313",
      "product_name": "Thuốc craven loại nhỏ",
      "description": "",
      "image1": "images/3.jpg",
      "image2": "",
      "image3": "",
      "image4": "",
      "image5": "",
      "cost_price": 15000,
      "sell_price": 17500,
      "available": 120.0,
      "unit": "INT",
      "status": 1,
      "mfg": null,
      "exp": null,
      "store": 1,
      "category": 7
    }
  },
  {
    "model": "products.product",
    "pk": 9,
    "fields": {
      "product_code": "SP000008",
      "barcode": "8935047600246",
      "product_name": "Thăng long mềm",
      "description": "",
      "image1": "images/2.jpg",
      "image2": "",
      "image3": "",
      "image4": "",
      "image5": "",
      "cost_price": 8000,
      "sell_price": 10000,
      "available": 120.0,
      "unit": "INT",
      "status": 1,
      "mfg": null,
      "exp": null,
      "store": 1,
      "category": 7
    }
  },
  {
    "model": "products.product",
    "pk": 10,
    "fields": {
      "product_code": "SP000009",
      "barcode": "8936048470685",
      "product_name": "Mì bò hầm cải chua Reeva hộp 100g",
      "description": "",
      "image1": "images/8936048470685_original.jpg",
      "image2": "",
      "image3": "",
      "image4": "",
      "image5": "",
      "cost_price": 11000,
      "sell_price": 15000,
      "available": 50.0,
      "unit": "INT",
      "status": 1,
      "mfg": null,
      "exp": null,
      "store": 1,
      "category": 3
    }
  },
  {
    "model": "products.product",
    "pk": 11,
    "fields": {
      "product_code": "SP000010",
      "barcode": "8934680025980",
      "product_name": "Bánh AFC 200g",
      "description": "",
      "image1": "images/19.jpg",
      "image2": "",
      "image3": "",
      "image4": "",
      "image5": "",
      "cost_price": 35000,
      "sell_price": 40000,
      "available": 43.0,
      "unit": "INT",
      "status": 1,
      "mfg": null,
      "exp": null,
      "store": 1,
      "category": 3
    }
  },
  {
    "model": "customers.customer",
    "pk": 2,
    "fields": {
      "customer_code": "KH000006",
      "customer_name": "Nguyễn Bá Ngọc",
      "birthday": "1999-12-01",
      "gender": 0,
      "phone_number": "0868686868",
      "email": "ngoc.12@gmail.com",
      "address": "75 TCA",
      "note": "",
      "group_type": 0,
      "points": 611,
      "store": 1
    }
  },
  {
    "model": "customers.customer",
    "pk": 3,
    "fields": {
      "customer_code": "KH000002",
      "customer_name": "Vương Văn An",
      "birthday": null,
      "gender": 0,
      "phone_number": "023654789",
      "email": null,
      "address": "37 TC3B",
      "note": "",
      "group_type": 0,
      "points": 9,
      "store": 1
    }
  },
  {
    "model": "customers.customer",
    "pk": 4,
    "fields": {
      "customer_code": "KH000002",
      "customer_name": "Vũ Tuyết",
      "birthday": "1983-02-01",
      "gender": 1,
      "phone_number": "0888989898",
      "email": null,
      "address": "67 Trương Định",
      "note": "",
      "group_type": 1,
      "points": 0,
      "store": 1
    }
  },
  {
    "model": "customers.customer",
    "pk": 5,
    "fields": {
      "customer_code": "KH000003",
      "customer_name": "Phương Anh",
      "birthday": "1999-12-12",
      "gender": 1,
      "phone_number": "0868696465",
      "email": null,
      "address": "Trần Đại Nghĩa",
      "note": "",
      "group_type": 0,
      "points": 0,
      "store": 1
    }
  },
  {
    "model": "customers.customer",
    "pk": 6,
    "fields": {
      "customer_code": "KH000004",
      "customer_name": "Mr Bean",
      "birthday": "1987-12-01",
      "gender": 0,
      "phone_number": "0987654321",
      "email": null,
      "address": "98 ABC",
      "note": "",
      "group_type": 0,
      "points": 0,
      "store": 1
    }
  },
  {
    "model": "customers.customer",
    "pk": 7,
    "fields": {
      "customer_code": "KH000006",
      "customer_name": "Dũng Vũ",
      "birthday": "2020-12-29",
      "gender": 0,
      "phone_number": null,
      "email": null,
      "address": "73 Thanh Nhàn",
      "note": "",
      "group_type": 0,
      "points": 7,
      "store": 1
    }
  },
  {
    "model": "auth.permission",
    "pk": 1,
    "fields": {
      "name": "Can add store",
      "content_type": 1,
      "codename": "add_store"
    }
  },
  {
    "model": "auth.permission",
    "pk": 2,
    "fields": {
      "name": "Can change store",
      "content_type": 1,
      "codename": "change_store"
    }
  },
  {
    "model": "auth.permission",
    "pk": 3,
    "fields": {
      "name": "Can delete store",
      "content_type": 1,
      "codename": "delete_store"
    }
  },
  {
    "model": "auth.permission",
    "pk": 4,
    "fields": {
      "name": "Can view store",
      "content_type": 1,
      "codename": "view_store"
    }
  },
  {
    "model": "auth.permission",
    "pk": 5,
    "fields": {
      "name": "Can add user",
      "content_type": 2,
      "codename": "add_user"
    }
  },
  {
    "model": "auth.permission",
    "pk": 6,
    "fields": {
      "name": "Can change user",
      "content_type": 2,
      "codename": "change_user"
    }
  },
  {
    "model": "auth.permission",
    "pk": 7,
    "fields": {
      "name": "Can delete user",
      "content_type": 2,
      "codename": "delete_user"
    }
  },
  {
    "model": "auth.permission",
    "pk": 8,
    "fields": {
      "name": "Can view user",
      "content_type": 2,
      "codename": "view_user"
    }
  },
  {
    "model": "auth.permission",
    "pk": 9,
    "fields": {
      "name": "Can add invoice",
      "content_type": 3,
      "codename": "add_invoice"
    }
  },
  {
    "model": "auth.permission",
    "pk": 10,
    "fields": {
      "name": "Can change invoice",
      "content_type": 3,
      "codename": "change_invoice"
    }
  },
  {
    "model": "auth.permission",
    "pk": 11,
    "fields": {
      "name": "Can delete invoice",
      "content_type": 3,
      "codename": "delete_invoice"
    }
  },
  {
    "model": "auth.permission",
    "pk": 12,
    "fields": {
      "name": "Can view invoice",
      "content_type": 3,
      "codename": "view_invoice"
    }
  },
  {
    "model": "auth.permission",
    "pk": 13,
    "fields": {
      "name": "Can add order",
      "content_type": 4,
      "codename": "add_order"
    }
  },
  {
    "model": "auth.permission",
    "pk": 14,
    "fields": {
      "name": "Can change order",
      "content_type": 4,
      "codename": "change_order"
    }
  },
  {
    "model": "auth.permission",
    "pk": 15,
    "fields": {
      "name": "Can delete order",
      "content_type": 4,
      "codename": "delete_order"
    }
  },
  {
    "model": "auth.permission",
    "pk": 16,
    "fields": {
      "name": "Can view order",
      "content_type": 4,
      "codename": "view_order"
    }
  },
  {
    "model": "auth.permission",
    "pk": 17,
    "fields": {
      "name": "Can add product item",
      "content_type": 5,
      "codename": "add_productitem"
    }
  },
  {
    "model": "auth.permission",
    "pk": 18,
    "fields": {
      "name": "Can change product item",
      "content_type": 5,
      "codename": "change_productitem"
    }
  },
  {
    "model": "auth.permission",
    "pk": 19,
    "fields": {
      "name": "Can delete product item",
      "content_type": 5,
      "codename": "delete_productitem"
    }
  },
  {
    "model": "auth.permission",
    "pk": 20,
    "fields": {
      "name": "Can view product item",
      "content_type": 5,
      "codename": "view_productitem"
    }
  },
  {
    "model": "auth.permission",
    "pk": 21,
    "fields": {
      "name": "Can add category",
      "content_type": 6,
      "codename": "add_category"
    }
  },
  {
    "model": "auth.permission",
    "pk": 22,
    "fields": {
      "name": "Can change category",
      "content_type": 6,
      "codename": "change_category"
    }
  },
  {
    "model": "auth.permission",
    "pk": 23,
    "fields": {
      "name": "Can delete category",
      "content_type": 6,
      "codename": "delete_category"
    }
  },
  {
    "model": "auth.permission",
    "pk": 24,
    "fields": {
      "name": "Can view category",
      "content_type": 6,
      "codename": "view_category"
    }
  },
  {
    "model": "auth.permission",
    "pk": 25,
    "fields": {
      "name": "Can add product",
      "content_type": 7,
      "codename": "add_product"
    }
  },
  {
    "model": "auth.permission",
    "pk": 26,
    "fields": {
      "name": "Can change product",
      "content_type": 7,
      "codename": "change_product"
    }
  },
  {
    "model": "auth.permission",
    "pk": 27,
    "fields": {
      "name": "Can delete product",
      "content_type": 7,
      "codename": "delete_product"
    }
  },
  {
    "model": "auth.permission",
    "pk": 28,
    "fields": {
      "name": "Can view product",
      "content_type": 7,
      "codename": "view_product"
    }
  },
  {
    "model": "auth.permission",
    "pk": 29,
    "fields": {
      "name": "Can add customer",
      "content_type": 8,
      "codename": "add_customer"
    }
  },
  {
    "model": "auth.permission",
    "pk": 30,
    "fields": {
      "name": "Can change customer",
      "content_type": 8,
      "codename": "change_customer"
    }
  },
  {
    "model": "auth.permission",
    "pk": 31,
    "fields": {
      "name": "Can delete customer",
      "content_type": 8,
      "codename": "delete_customer"
    }
  },
  {
    "model": "auth.permission",
    "pk": 32,
    "fields": {
      "name": "Can view customer",
      "content_type": 8,
      "codename": "view_customer"
    }
  },
  {
    "model": "auth.permission",
    "pk": 33,
    "fields": {
      "name": "Can add coupon",
      "content_type": 9,
      "codename": "add_coupon"
    }
  },
  {
    "model": "auth.permission",
    "pk": 34,
    "fields": {
      "name": "Can change coupon",
      "content_type": 9,
      "codename": "change_coupon"
    }
  },
  {
    "model": "auth.permission",
    "pk": 35,
    "fields": {
      "name": "Can delete coupon",
      "content_type": 9,
      "codename": "delete_coupon"
    }
  },
  {
    "model": "auth.permission",
    "pk": 36,
    "fields": {
      "name": "Can view coupon",
      "content_type": 9,
      "codename": "view_coupon"
    }
  },
  {
    "model": "auth.permission",
    "pk": 37,
    "fields": {
      "name": "Can add log entry",
      "content_type": 10,
      "codename": "add_logentry"
    }
  },
  {
    "model": "auth.permission",
    "pk": 38,
    "fields": {
      "name": "Can change log entry",
      "content_type": 10,
      "codename": "change_logentry"
    }
  },
  {
    "model": "auth.permission",
    "pk": 39,
    "fields": {
      "name": "Can delete log entry",
      "content_type": 10,
      "codename": "delete_logentry"
    }
  },
  {
    "model": "auth.permission",
    "pk": 40,
    "fields": {
      "name": "Can view log entry",
      "content_type": 10,
      "codename": "view_logentry"
    }
  },
  {
    "model": "auth.permission",
    "pk": 41,
    "fields": {
      "name": "Can add permission",
      "content_type": 11,
      "codename": "add_permission"
    }
  },
  {
    "model": "auth.permission",
    "pk": 42,
    "fields": {
      "name": "Can change permission",
      "content_type": 11,
      "codename": "change_permission"
    }
  },
  {
    "model": "auth.permission",
    "pk": 43,
    "fields": {
      "name": "Can delete permission",
      "content_type": 11,
      "codename": "delete_permission"
    }
  },
  {
    "model": "auth.permission",
    "pk": 44,
    "fields": {
      "name": "Can view permission",
      "content_type": 11,
      "codename": "view_permission"
    }
  },
  {
    "model": "auth.permission",
    "pk": 45,
    "fields": {
      "name": "Can add group",
      "content_type": 12,
      "codename": "add_group"
    }
  },
  {
    "model": "auth.permission",
    "pk": 46,
    "fields": {
      "name": "Can change group",
      "content_type": 12,
      "codename": "change_group"
    }
  },
  {
    "model": "auth.permission",
    "pk": 47,
    "fields": {
      "name": "Can delete group",
      "content_type": 12,
      "codename": "delete_group"
    }
  },
  {
    "model": "auth.permission",
    "pk": 48,
    "fields": {
      "name": "Can view group",
      "content_type": 12,
      "codename": "view_group"
    }
  },
  {
    "model": "auth.permission",
    "pk": 49,
    "fields": {
      "name": "Can add content type",
      "content_type": 13,
      "codename": "add_contenttype"
    }
  },
  {
    "model": "auth.permission",
    "pk": 50,
    "fields": {
      "name": "Can change content type",
      "content_type": 13,
      "codename": "change_contenttype"
    }
  },
  {
    "model": "auth.permission",
    "pk": 51,
    "fields": {
      "name": "Can delete content type",
      "content_type": 13,
      "codename": "delete_contenttype"
    }
  },
  {
    "model": "auth.permission",
    "pk": 52,
    "fields": {
      "name": "Can view content type",
      "content_type": 13,
      "codename": "view_contenttype"
    }
  },
  {
    "model": "auth.permission",
    "pk": 53,
    "fields": {
      "name": "Can add session",
      "content_type": 14,
      "codename": "add_session"
    }
  },
  {
    "model": "auth.permission",
    "pk": 54,
    "fields": {
      "name": "Can change session",
      "content_type": 14,
      "codename": "change_session"
    }
  },
  {
    "model": "auth.permission",
    "pk": 55,
    "fields": {
      "name": "Can delete session",
      "content_type": 14,
      "codename": "delete_session"
    }
  },
  {
    "model": "auth.permission",
    "pk": 56,
    "fields": {
      "name": "Can view session",
      "content_type": 14,
      "codename": "view_session"
    }
  },
  {
    "model": "auth.group",
    "pk": 2,
    "fields": {
      "name": "manager",
      "permissions": [
        33,
        34,
        35,
        36,
        29,
        30,
        31,
        32,
        21,
        22,
        23,
        24,
        25,
        26,
        27,
        28,
        9,
        10,
        11,
        12,
        13,
        14,
        15,
        16,
        17,
        18,
        19,
        20,
        5,
        6,
        7,
        8
      ]
    }
  },
  {
    "model": "auth.group",
    "pk": 3,
    "fields": {
      "name": "staff",
      "permissions": [
        29,
        30,
        31,
        32,
        21,
        22,
        23,
        24,
        25,
        26,
        27,
        28,
        9,
        12,
        13,
        14,
        16,
        17,
        18,
        19,
        20
      ]
    }
  },
  {
    "model": "contenttypes.contenttype",
    "pk": 1,
    "fields": {
      "app_label": "stores",
      "model": "store"
    }
  },
  {
    "model": "contenttypes.contenttype",
    "pk": 2,
    "fields": {
      "app_label": "users",
      "model": "user"
    }
  },
  {
    "model": "contenttypes.contenttype",
    "pk": 3,
    "fields": {
      "app_label": "sales",
      "model": "invoice"
    }
  },
  {
    "model": "contenttypes.contenttype",
    "pk": 4,
    "fields": {
      "app_label": "sales",
      "model": "order"
    }
  },
  {
    "model": "contenttypes.contenttype",
    "pk": 5,
    "fields": {
      "app_label": "sales",
      "model": "productitem"
    }
  },
  {
    "model": "contenttypes.contenttype",
    "pk": 6,
    "fields": {
      "app_label": "products",
      "model": "category"
    }
  },
  {
    "model": "contenttypes.contenttype",
    "pk": 7,
    "fields": {
      "app_label": "products",
      "model": "product"
    }
  },
  {
    "model": "contenttypes.contenttype",
    "pk": 8,
    "fields": {
      "app_label": "customers",
      "model": "customer"
    }
  },
  {
    "model": "contenttypes.contenttype",
    "pk": 9,
    "fields": {
      "app_label": "coupons",
      "model": "coupon"
    }
  },
  {
    "model": "contenttypes.contenttype",
    "pk": 10,
    "fields": {
      "app_label": "admin",
      "model": "logentry"
    }
  },
  {
    "model": "contenttypes.contenttype",
    "pk": 11,
    "fields": {
      "app_label": "auth",
      "model": "permission"
    }
  },
  {
    "model": "contenttypes.contenttype",
    "pk": 12,
    "fields": {
      "app_label": "auth",
      "model": "group"
    }
  },
  {
    "model": "contenttypes.contenttype",
    "pk": 13,
    "fields": {
      "app_label": "contenttypes",
      "model": "contenttype"
    }
  },
  {
    "model": "contenttypes.contenttype",
    "pk": 14,
    "fields": {
      "app_label": "sessions",
      "model": "session"
    }
  },
  {
    "model": "sessions.session",
    "pk": "80okx6s6xhemtf8570sh4gmztqnjd5dx",
    "fields": {
      "session_data": ".eJxVjDEOAiEQRe9CbSgYYMDS3jOQYRhk1SzJslsZ766bbKHtf-_9l0q0rS1tQ5Y0FXVWRp1-t0z8kHkH5U7zrWvu87pMWe-KPujQ117keTncv4NGo31rEhvQFHboGAxF57PJwhEdVIvMGUiyx4oWqZKBGAGFQzCeqDjw6v0B9YE4Sg:1kyEgr:R_QGFufL_rw2xaC2WPMkBQjoHnhROfS5p7ZBDjtBmbI",
      "expire_date": "2021-01-23T13:54:01.164Z"
    }
  },
  {
    "model": "sessions.session",
    "pk": "88t82uq6qci0n5d470ecxipekmmqd29o",
    "fields": {
      "session_data": ".eJxVjr0OgzAQg98lM4ryB0kYu_cJKoQuuaPQVkRKYEK8e0FiaEfbny1vrId1Gfu1UO4nZC2TrPr1AsQ3zWeAL5ificc0L3kK_ET4lRZ-T0if28X-DYxQxqPtjQEho9LCkyGlnPahJhOkkNp6Z5QdIpF3DfrghHVUowUErc2ABNgcoykj5cLax8bOp7JiCAscutu7_QvQ9EET:1kyHBu:AIIRCANmlIrTOg5oDesRQPumCn0cg0bHSld9LfKBIHk",
      "expire_date": "2021-01-23T16:34:14.908Z"
    }
  },
  {
    "model": "sessions.session",
    "pk": "b4xl7iqqco3waemze2kkznresqjb6u2t",
    "fields": {
      "session_data": ".eJxVjr0OgzAQg98lM4ryB0kYu_cJKoQuuaPQVkRKYEK8e0FiaEfbny1vrId1Gfu1UO4nZC2TrPr1AsQ3zWeAL5ificc0L3kK_ET4lRZ-T0if28X-DYxQxqPtjQEho9LCkyGlnPahJhOkkNp6Z5QdIpF3DfrghHVUowUErc2ABNgcoykj5cLax8bOp7JiCAscutu7_QvQ9EET:1kyIar:8kw0drnuZWroF7ucehwPwgEluVSEEIqZKlYO1hj4swY",
      "expire_date": "2021-01-23T18:04:05.007Z"
    }
  },
  {
    "model": "sessions.session",
    "pk": "blmv2ssqk6kjb3pltgogi8t8hyh8sl0e",
    "fields": {
      "session_data": ".eJxVTr1uwyAQfpXqZssCQ2zwmKlSlSeIIuvgLrXTBiLAU-R3L1YztLfd9_-ECdcyT2vmNC0EI0ho_mIO_ReHnaAbhs_Y-hhKWly7S9oXm9tTJP4-vrT_AmbMc3VbrVFI3ylhWXPXGWXdgbWTQqrBGt0NV89sTU_WGTEYPtCAhErpKzFSX0NjIk4ZxvMT9qWyAcKC9b804Ndc4p0TjL9k30DAO9fiU3o7Mobq93VjBT7exX66Io-4hFITxbZdth8O2FRD:1kyG9s:iWzPtzNmpgLP7W-m7ip9HXTUhxDWX6o8qMULGwUbE9g",
      "expire_date": "2021-01-23T15:28:04.781Z"
    }
  },
  {
    "model": "sessions.session",
    "pk": "g8r5tycer3wc3s9mx2uzpjt5u1saouuf",
    "fields": {
      "session_data": ".eJxVjDsOwjAQBe_iGln-JfZS0nMGa-3d4ACypTipEHeHSCmgfTPzXiLitpa4dV7iTOIstDj9bgnzg-sO6I711mRudV3mJHdFHrTLayN-Xg7376BgL98anEOls7EK2LExwUIa2CWttPUQnPFTZoYwEqSgfOCBPBJa6yZipFG8P76pN7I:1kyDEr:y79l08I5Q6m2e97s_0y7L479aFjhB4SF3gjOC_kUBAo",
      "expire_date": "2021-01-23T12:21:01.492Z"
    }
  },
  {
    "model": "sessions.session",
    "pk": "ixbk61z7zgdopniilif2nevt8bt0qg97",
    "fields": {
      "session_data": ".eJxVjDsOwjAQBe_iGln-JfZS0nMGa-3d4ACypTipEHeHSCmgfTPzXiLitpa4dV7iTOIstDj9bgnzg-sO6I711mRudV3mJHdFHrTLayN-Xg7376BgL98anEOls7EK2LExwUIa2CWttPUQnPFTZoYwEqSgfOCBPBJa6yZipFG8P76pN7I:1kyGje:vywo_EdOEfACL42Ct2I-RmiLZb1ubQwL1PeeXZM45e0",
      "expire_date": "2021-01-23T16:05:02.524Z"
    }
  },
  {
    "model": "sessions.session",
    "pk": "nusnmnn75n4blayoxp0jzwxqx59u4geu",
    "fields": {
      "session_data": ".eJxVjDsOwjAQBe_iGln-JfZS0nMGa-3d4ACypTipEHeHSCmgfTPzXiLitpa4dV7iTOIstDj9bgnzg-sO6I711mRudV3mJHdFHrTLayN-Xg7376BgL98anEOls7EK2LExwUIa2CWttPUQnPFTZoYwEqSgfOCBPBJa6yZipFG8P76pN7I:1kyWUH:MPamoc3lNhfnDKHzzjno8qk_upSxfNXoU2er2JBcTF8",
      "expire_date": "2021-01-24T08:54:13.879Z"
    }
  },
  {
    "model": "sessions.session",
    "pk": "qkhifqi3cdjculznmn4nopahgaqsdk8s",
    "fields": {
      "session_data": ".eJxVjr0OgzAQg98lM4ryB0kYu_cJKoQuuaPQVkRKYEK8e0FiaEfbny1vrId1Gfu1UO4nZC2TrPr1AsQ3zWeAL5ificc0L3kK_ET4lRZ-T0if28X-DYxQxqPtjQEho9LCkyGlnPahJhOkkNp6Z5QdIpF3DfrghHVUowUErc2ABNgcoykj5cLax8bOp7JiCAscutu7_QvQ9EET:1kyGMM:y1cGyTsFYpU67hnwcc0eh_OzWilZp4pfht4gsxpQwT4",
      "expire_date": "2021-01-23T15:40:58.943Z"
    }
  },
  {
    "model": "sessions.session",
    "pk": "tutc0od90u7slqqjjbsg9uzgfi4hbt2l",
    "fields": {
      "session_data": ".eJxVjr0OgzAQg98lM4ryB0kYu_cJKoQuuaPQVkRKYEK8e0FiaEfbny1vrId1Gfu1UO4nZC2TrPr1AsQ3zWeAL5ificc0L3kK_ET4lRZ-T0if28X-DYxQxqPtjQEho9LCkyGlnPahJhOkkNp6Z5QdIpF3DfrghHVUowUErc2ABNgcoykj5cLax8bOp7JiCAscutu7_QvQ9EET:1kyRxR:xVvMctnrm7lhjVKFn5UPI9AHqBRqO6WILvCOKngm-5w",
      "expire_date": "2021-01-24T04:04:01.866Z"
    }
  }
]
